Type,Date,Notes,Short URL,Summary
photo,2016-12-29 20:05:22 GMT,1693,https://tmblr.co/Z6CoAn2GURBRd,colorful gradient 43359
photo,2016-12-29 19:35:56 GMT,830,https://tmblr.co/Z6CoAn2GUN3GW,colorful gradient 43358
photo,2016-12-29 20:34:52 GMT,719,https://tmblr.co/Z6CoAn2GUVNmd,colorful gradient 43360
photo,2016-12-29 17:38:31 GMT,665,https://tmblr.co/Z6CoAn2GU6x5B,colorful gradient 43354
photo,2016-12-29 02:27:22 GMT,659,https://tmblr.co/Z6CoAn2GSWY7k,colorful gradient 43323
photo,2016-12-29 03:55:37 GMT,613,https://tmblr.co/Z6CoAn2GSjZ7m,colorful gradient 43326
photo,2016-12-29 07:21:17 GMT,553,https://tmblr.co/Z6CoAn2GTA6GA,colorful gradient 43333
photo,2016-12-29 19:06:45 GMT,527,https://tmblr.co/Z6CoAn2GUJ1iR,colorful gradient 43357
photo,2016-12-29 13:43:22 GMT,511,https://tmblr.co/Z6CoAn2GThMEw,colorful gradient 43346
photo,2016-12-29 16:10:17 GMT,501,https://tmblr.co/Z6CoAn2GTxKAf,colorful gradient 43351
photo,2016-12-29 18:07:50 GMT,474,https://tmblr.co/Z6CoAn2GUAvhF,colorful gradient 43355
photo,2016-12-29 16:39:45 GMT,459,https://tmblr.co/Z6CoAn2GT-5IG,colorful gradient 43352
photo,2016-12-29 05:23:48 GMT,437,https://tmblr.co/Z6CoAn2GSwdc1,colorful gradient 43329
photo,2016-12-28 23:31:14 GMT,396,https://tmblr.co/Z6CoAn2GS7Ezp,colorful gradient 43318
photo,2016-12-29 17:09:10 GMT,392,https://tmblr.co/Z6CoAn2GU30q-,colorful gradient 43353
photo,2016-12-29 12:15:19 GMT,392,https://tmblr.co/Z6CoAn2GTZm_e,colorful gradient 43343
photo,2016-12-29 02:56:55 GMT,376,https://tmblr.co/Z6CoAn2GSatiH,colorful gradient 43324
photo,2016-12-29 18:37:07 GMT,361,https://tmblr.co/Z6CoAn2GUEwl-,colorful gradient 43356
photo,2016-12-29 15:40:55 GMT,361,https://tmblr.co/Z6CoAn2GTtmIZ,colorful gradient 43350
photo,2016-12-29 14:12:52 GMT,361,https://tmblr.co/Z6CoAn2GTkCB_,colorful gradient 43347
photo,2016-12-29 09:48:02 GMT,356,https://tmblr.co/Z6CoAn2GTOErK,colorful gradient 43338
photo,2016-12-29 12:44:29 GMT,355,https://tmblr.co/Z6CoAn2GTc8xz,colorful gradient 43344
photo,2016-12-29 15:11:31 GMT,306,https://tmblr.co/Z6CoAn2GTqMlc,colorful gradient 43349
photo,2016-12-29 04:24:59 GMT,264,https://tmblr.co/Z6CoAn2GSnvhQ,colorful gradient 43327
photo,2016-12-28 22:02:51 GMT,254,https://tmblr.co/Z6CoAn2GRwCnF,colorful gradient 43315
photo,2016-12-29 14:42:15 GMT,252,https://tmblr.co/Z6CoAn2GTnBuz,colorful gradient 43348
photo,2016-12-29 01:28:26 GMT,245,https://tmblr.co/Z6CoAn2GSO4Mz,colorful gradient 43321
photo,2016-12-29 04:54:24 GMT,242,https://tmblr.co/Z6CoAn2GSsEhx,colorful gradient 43328
photo,2016-12-29 11:16:28 GMT,237,https://tmblr.co/Z6CoAn2GTVEyw,colorful gradient 43341
photo,2016-12-29 06:22:41 GMT,232,https://tmblr.co/Z6CoAn2GT2sVF,colorful gradient 43331
photo,2016-12-29 00:29:57 GMT,231,https://tmblr.co/Z6CoAn2GSFkzi,colorful gradient 43319
photo,2016-12-29 08:20:04 GMT,225,https://tmblr.co/Z6CoAn2GTGKTh,colorful gradient 43335
photo,2016-12-29 08:49:23 GMT,223,https://tmblr.co/Z6CoAn2GTJ5km,colorful gradient 43336
photo,2016-12-29 10:46:56 GMT,217,https://tmblr.co/Z6CoAn2GTSzQH,colorful gradient 43340
photo,2016-12-29 00:59:22 GMT,217,https://tmblr.co/Z6CoAn2GSJxns,colorful gradient 43320
photo,2016-12-29 11:45:52 GMT,207,https://tmblr.co/Z6CoAn2GTXWV9,colorful gradient 43342
photo,2016-12-29 07:50:41 GMT,204,https://tmblr.co/Z6CoAn2GTDL0p,colorful gradient 43334
photo,2016-12-29 03:26:07 GMT,196,https://tmblr.co/Z6CoAn2GSf9U3,colorful gradient 43325
photo,2016-12-29 06:51:47 GMT,190,https://tmblr.co/Z6CoAn2GT6a4a,colorful gradient 43332
photo,2016-12-29 01:58:02 GMT,187,https://tmblr.co/Z6CoAn2GSSG1E,colorful gradient 43322
photo,2016-12-29 09:18:42 GMT,182,https://tmblr.co/Z6CoAn2GTLn66,colorful gradient 43337
photo,2016-12-28 20:35:01 GMT,172,https://tmblr.co/Z6CoAn2GRjWET,colorful gradient 43312
photo,2016-12-29 05:53:07 GMT,170,https://tmblr.co/Z6CoAn2GS_su7,colorful gradient 43330
photo,2016-12-28 23:02:14 GMT,170,https://tmblr.co/Z6CoAn2GS2_vG,colorful gradient 43317
photo,2016-12-28 21:04:08 GMT,168,https://tmblr.co/Z6CoAn2GRnk4t,colorful gradient 43313
photo,2016-12-28 21:33:42 GMT,167,https://tmblr.co/Z6CoAn2GRryKe,colorful gradient 43314
photo,2016-12-29 13:13:55 GMT,165,https://tmblr.co/Z6CoAn2GTek9Q,colorful gradient 43345
photo,2016-12-28 22:32:21 GMT,146,https://tmblr.co/Z6CoAn2GR_ZBS,colorful gradient 43316
photo,2016-12-28 20:05:28 GMT,138,https://tmblr.co/Z6CoAn2GRfOuh,colorful gradient 43311
photo,2016-12-29 10:17:49 GMT,136,https://tmblr.co/Z6CoAn2GTQfSo,colorful gradient 43339
